Filename,Length,MD5 checksum,CRC32 checksum
setup.exe,45020,"78b68843130b41bcafda12269dad3656","ff32ad1e"
modem.cfg,61,"61b70c498a79398214e1b8b21e503393","d8576c88"
modem.str,3048,"71c5f9cb0e271da89f1bd84d90b7bae1","8a8dd2ec"
sersetup.exe,40378,"1c2294506012bd5b79a7af8626266fec","2bd3e43c"
ipxsetup.exe,13835,"fd144521cdbccaa5cfd6484cda8655ec","8050d6a9"
doom2f.wad,14607420,"3cb02349b3df649c86290907eed64e7b","27eaae69"
readme.exe,22114,"1faf3857a857cb23ef3f7e1020789b80","5444b494"
modem.num,87,"7ff5a14afb3195abca4c48a2047a44be","ee0ad147"
doom2.exe,687781,"03edb841bb9ca99bd0fd5e197cf43e71","7c6fba71"
